{"cameraMode":{"drawMode":0,"name":"Shaded","section":"Shading Mode"},"sceneLighting":true,"audioPlay":false,"sceneViewState":{"showFog":false,"showMaterialUpdate":false,"showSkybox":false,"showFlares":false,"showImageEffects":false,"showParticleSystems":false},"in2DMode":false,"pivot":{"x":-2.631650924682617,"y":5.076050758361816,"z":-4.284481048583984},"rotation":{"x":-0.01695048250257969,"y":0.9474546909332275,"z":-0.31535419821739199,"w":-0.050926294177770618},"size":7.5430498123168949,"orthographic":false}