{"cameraMode":{"drawMode":0,"name":"Shaded","section":"Shading Mode"},"sceneLighting":true,"audioPlay":false,"sceneViewState":{"showFog":false,"showMaterialUpdate":false,"showSkybox":false,"showFlares":false,"showImageEffects":false,"showParticleSystems":false},"in2DMode":false,"pivot":{"x":1.578049898147583,"y":9.84908676147461,"z":-6.008083343505859},"rotation":{"x":0.003290792927145958,"y":0.9967045783996582,"z":0.059564415365457538,"w":-0.05507280305027962},"size":11.451865196228028,"orthographic":false}